{
  "accuracy": 0.7073170731707317,
  "macro_precision": 0.6976342371079213,
  "macro_recall": 0.7241666666666667,
  "macro_f1": 0.7020062695924766,
  "class_metrics": {
    "negative": {
      "precision": 0.6060606060606061,
      "recall": 0.8,
      "f1": 0.6896551724137931
    },
    "neutral": {
      "precision": 0.7368421052631579,
      "recall": 0.56,
      "f1": 0.6363636363636364
    },
    "positive": {
      "precision": 0.75,
      "recall": 0.8125,
      "f1": 0.78
    }
  },
  "confusion_matrix": [
    [
      20,
      2,
      3
    ],
    [
      12,
      28,
      10
    ],
    [
      1,
      8,
      39
    ]
  ]
}